id,source,date,rating,text
1,PlayStore,2026-09-01,2,App keeps crashing when I try to log in every single time
2,PlayStore,2026-09-01,1,Login is broken again please fix this asap
3,AppStore,2026-09-02,2,App keeps crashing when I try to log in every single time
4,PlayStore,2026-09-02,5,Great
5,PlayStore,2026-09-03,1,asdkj aksjd kajsd lkajsd
6,AppStore,2026-09-03,3,Loading takes forever on the home screen every time I open it
7,PlayStore,2026-09-04,4,Good good good good good good good good
8,AppStore,2026-09-04,2,Cant login cant login cant login cant login
9,PlayStore,2026-09-05,3,The home screen takes way too long to load lately
10,AppStore,2026-09-05,5,Really happy with the new dark mode update looks great
11,PlayStore,2026-09-06,1,Login fails with an error every time I enter the right password
12,AppStore,2026-09-06,4,xzq qzx zzzz
